./templates,404.html,"snippets/top_navigation.html, ","base.html, "
./templates,500.html,"snippets/top_navigation.html, ","base.html, "
./templates,about.html,,"base.html, "
./templates,base.html,"snippets/top_navigation.html, snippets/bottom_bar.html, snippets/feedback.html, irritate_modal.html, snippets/google_analytics.html, snippets/google_analytics_local.html, ",
./templates,base_min.html,"snippets/top_navigation.html, irritate_modal.html, snippets/google_analytics.html, snippets/google_analytics_local.html, ",
./templates,base_new.html,"snippets/top_navigation.html, snippets/google_analytics.html, snippets/google_analytics_local.html, ",
./templates,contacts.html,,"base.html, "
./templates,cover.html,,"base.html, "
./templates,cover_old.html,"snippets/create_acc_modal.html, socialaccount/snippets/provider_list.html, socialaccount/snippets/login_extra.html, snippets/login_modal.html, ","base.html, "
./templates,cover_team.html,,"base.html, "
./templates,feed.html,"snippets/feed_form.html, snippets/figure_modal.html, nodes/five_nodes.html, ","base.html, "
./templates,home.html,,"base.html, "
./templates,home_team.html,,"base.html, "
./templates,irritate_modal.html,,
./templates,network.html,"network/add_tags.html, snippets/d_search_tags.html, ","base_new.html, "
./templates,team.html,,"base.html, "
./templates,terms.html,,"base.html, "
./templates,try.html,,
./templates,welcome_modal.html,,
./templates\account,login.html,"socialaccount/snippets/provider_list.html, socialaccount/snippets/login_extra.html, ","base.html, "
./templates\account,login_modal.html,"socialaccount/snippets/provider_list.html, socialaccount/snippets/login_extra.html, ",
./templates\account,signup.html,,"base.html, "
./templates\activities,activity.html,"snippets/richtext_toolbar.html, snippets/richtext_toolbar.html, ","base.html, "
./templates\activities,category.html,"snippets/img_upload_modal.html, ","base.html, "
./templates\activities,enquiry.html,,"base.html, "
./templates\activities,input.html,,"base.html, "
./templates\activities,mail_options.html,,"base.html, "
./templates\activities,notifications.html,,"base.html, "
./templates\activities,notify_box.html,,
./templates\activities,workplace_data.html,,"base.html, "
./templates\activities\p,add_product.html,"snippets/d_search.html, snippets/d_search_tags.html, snippets/d_search_tags.html, ","base.html, "
./templates\activities\p,enquire_modal.html,"snippets/d_search_tags.html, ",
./templates\activities\p,new_modal.html,"snippets/d_search.html, snippets/d_search_tags.html, ",
./templates\activities\p,product.html,"snippets/img_upload_modal.html, snippets/figure_modal.html, snippets/tags.html, snippets/d_search_tags.html, products/new_modal.html, enquiry/new_auth_modal.html, ","base.html, "
./templates\emails,join_corelogs_mail.html,,
./templates\emails,list_more_products.html,,
./templates\emails,no_products_yet.html,,
./templates\emails,product_intro_mail.html,,
./templates\emails,set_wp_mail - Copy (2).html,,
./templates\emails,set_wp_mail.html,,
./templates\emails,wp_intro_mail.html,,
./templates\enquiry,enquiry.html,,"base.html, "
./templates\enquiry,enquiry_details.html,"messages/reply_to_modal.html, leads/quotation_form_modal.html, ",
./templates\enquiry,enquiry_details_sent.html,,
./templates\enquiry,enquiry_details_wp.html,"messages/reply_to_modal.html, ",
./templates\enquiry,enquiry_details_wp_sent.html,,
./templates\enquiry,new_auth_modal.html,,
./templates\enquiry,new_unauth_modal.html,,
./templates\enquiry,no_product_modal.html,,
./templates\enquiry,one_enquiry.html,"enquiry/partial_enquiry.html, ",
./templates\forum,20_tags.html,,
./templates\forum,ask.html,"snippets/d_search_tags.html, ","base.html, "
./templates\forum,edit_q.html,"snippets/richtext_toolbar.html, snippets/d_search_tags.html, ","base.html, "
./templates\forum,help.html,,"base.html, "
./templates\forum,how_to_ask.html,,"base.html, "
./templates\forum,one_answer.html,"snippets/joint_person.html, snippets/vote_box.html, snippets/comment_form.html, snippets/comment.html, ",
./templates\forum,one_question.html,"snippets/joint_person.html, snippets/vote_box.html, ",
./templates\forum,quest.html,"snippets/figure_modal.html, snippets/joint_name.html, snippets/vote_box.html, snippets/comment_form.html, snippets/comment.html, forum/one_answer.html, ","base.html, "
./templates\forum,questions.html,"snippets/top_navigation.html, snippets/figure_modal.html, nodes/five_nodes.html, ","feed.html, "
./templates\forum,q_tags.html,"forum/20_tags.html, ","base.html, "
./templates\forum,why_should_i_answer.html,,"base.html, "
./templates\inbox,20_messages.html,"messages/new_modal.html, inbox/lead_msg.html, inbox/inquiry_msg.html, inbox/msg_msg.html, inbox/msg_msg.html, ",
./templates\inbox,inbox.html,"inbox/20_messages.html, ","base.html, "
./templates\inbox,inquiry_msg.html,"leads/quotation_modal.html, ",
./templates\inbox,lead_msg.html,"leads/one_reply.html, ",
./templates\inbox,msg_msg.html,,
./templates\inbox,no_inquiries.html,,
./templates\inbox,no_messages.html,,
./templates\inbox,no_nothing.html,,
./templates\inbox,no_quotations.html,,
./templates\inbox,one_msg.html,,
./templates\inbox,sent_modal.html,,
./templates\leads,add_lead.html,"snippets/d_search_tags.html, snippets/d_search_tags.html, leads/first_time_modal.html, ",
./templates\leads,edit.html,"snippets/top_navigation.html, leads/edit_lead.html, leads/add_lead.html, snippets/feedback.html, ","base.html, "
./templates\leads,edit_lead.html,"snippets/d_search_tags.html, snippets/d_search_tags.html, ",
./templates\leads,first_time_modal.html,,
./templates\leads,lead.html,"leads/one_reply.html, leads/one_reply.html, leads/quotation_form.html, ","base.html, "
./templates\leads,leads.html,"leads/one_lead.html, ","base.html, "
./templates\leads,one_lead.html,"snippets/joint_name.html, ",
./templates\leads,one_reply.html,"leads/one_reply_own.html, ",
./templates\leads,one_reply_own.html,,
./templates\leads,quotation_edit.html,,
./templates\leads,quotation_form.html,,
./templates\leads,quotation_form_modal.html,,
./templates\leads,quotation_modal.html,,
./templates\marketplace,20_products.html,"marketplace/one_product.html, ",
./templates\marketplace,cover.html,,"base.html, "
./templates\marketplace,cover_pre.html,,"base.html, "
./templates\marketplace,marketplace.html,"marketplace/20_products.html, enquiry/new_auth_modal.html, snippets/figure_modal.html, ","base.html, "
./templates\marketplace,marketplace_old.html,"marketplace/20_products.html, snippets/figure_modal.html, ","base.html, "
./templates\marketplace,one_product.html,,
./templates\messages,base_messages.html,"messages/new_modal.html, messages/partial_conversations.html, ","base.html, "
./templates\messages,inbox.html,"messages/partial_message.html, ","messages/base_messages.html, "
./templates\messages,new.html,,"messages/base_messages.html, "
./templates\messages,new_modal.html,"snippets/d_search.html, ",
./templates\messages,partial_conversations.html,,
./templates\messages,partial_message.html,,
./templates\messages,reply_to_modal.html,,
./templates\network,20_companies.html,"network/workplace_card.html, network/workplace_card.html, ",
./templates\network,add_tags.html,,
./templates\network,add_tags_list.html,"network/tag_box.html, network/tag_box.html, network/tag_box.html, network/tag_box.html, ",
./templates\network,companies.html,"network/20_companies.html, ",
./templates\network,feed_list.html,"snippets/feed_form.html, network/feed_list_content.html, ",
./templates\network,feed_list_content.html,"nodes/one_node.html, nodes/one_article.html, nodes/one_node_spcl.html, forum/one_question.html, ",
./templates\network,products.html,,
./templates\network,side_over.html,,
./templates\network,tag_box.html,,
./templates\network,workplace_card.html,,
./templates\nodes,articles.html,"snippets/top_navigation.html, snippets/figure_modal.html, nodes/five_nodes.html, ","feed.html, "
./templates\nodes,edit.html,"snippets/d_search_tags.html, ","base.html, "
./templates\nodes,edit_old.html,"snippets/richtext_toolbar.html, ","base.html, "
./templates\nodes,edit_old_new.html,,"base.html, "
./templates\nodes,five_nodes.html,"nodes/one_node.html, nodes/one_article.html, nodes/one_node.html, forum/one_question.html, ",
./templates\nodes,help.html,,"base.html, "
./templates\nodes,node.html,"snippets/figure_modal.html, snippets/joint_person_big.html, snippets/like_box.html, snippets/like_box.html, snippets/comment_form.html, snippets/comment.html, ","base.html, "
./templates\nodes,one_article.html,"snippets/joint_person.html, snippets/like_box.html, ",
./templates\nodes,one_node.html,"snippets/joint_person.html, snippets/like_box.html, snippets/comment_form.html, snippets/comment.html, ",
./templates\nodes,one_node_spcl.html,"snippets/joint_person.html, snippets/joint_name.html, snippets/like_box.html, snippets/comment_form.html, snippets/comment.html, ",
./templates\nodes,set_logo.html,,
./templates\nodes,upload.html,,"base.html, "
./templates\nodes,what_to_write.html,,"base.html, "
./templates\nodes,write.html,"snippets/d_search_tags.html, ","base.html, "
./templates\products,20_categories.html,,
./templates\products,20_tags.html,,
./templates\products,add_multi.html,"snippets/top_navigation.html, products/small_product.html, products/add_multi_form.html, products/categories_modal.html, ","base_new.html, "
./templates\products,add_multi_form.html,"snippets/add_image_box.html, ",
./templates\products,add_product.html,,"base.html, "
./templates\products,add_prod_alert.html,,
./templates\products,all_categories.html,"products/20_categories.html, ","base.html, "
./templates\products,categories_modal.html,,
./templates\products,category.html,"products/cat_nav_items.html, ","base.html, "
./templates\products,category_products.html,"products/20_categories.html, marketplace/one_product.html, enquiry/new_auth_modal.html, ","base.html, "
./templates\products,category_workplace.html,"snippets/workplace_card.html, ","base.html, "
./templates\products,cat_nav_items.html,,
./templates\products,edit.html,"snippets/edit_image_box.html, products/categories_modal.html, ","products/add_multi.html, "
./templates\products,edit_old.html,"snippets/top_navigation.html, ","base_new.html, "
./templates\products,enquire_modal.html,"snippets/d_search_tags.html, ",
./templates\products,manage.html,"products/small_product.html, ","products/add_multi.html, "
./templates\products,new_modal.html,"snippets/d_search_tags.html, ",
./templates\products,new_modal_car.html,"snippets/d_search_tags.html, ",
./templates\products,new_modal_rent.html,"snippets/d_search_tags.html, ",
./templates\products,one_product.html,,
./templates\products,one_product_management.html,,
./templates\products,product.html,"snippets/figure_modal.html, ","base.html, "
./templates\products,q_tags.html,"forum/20_tags.html, ","base.html, "
./templates\products,small_product.html,,
./templates\products,snip_cat.html,"products/20_categories.html, products/20_categories.html, products/20_categories.html, products/20_categories.html, products/20_categories.html, ",
./templates\products,snip_category.html,,
./templates\products,snip_category_head.html,,
./templates\products,snip_companies_head.html,,
./templates\products,snip_products.html,"products/one_product.html, enquiry/new_auth_modal.html, ",
./templates\products,snip_products_head.html,,
./templates\products,snip_workplace.html,"snippets/workplace_card.html, ",
./templates\products,upload_bulk.html,,"products/add_multi.html, "
./templates\search,list.html,,
./templates\search,random_text_print.html,,"base.html, "
./templates\search,results.html,"forum/one_question.html, forum/20_tags.html, nodes/one_article.html, ","base.html, "
./templates\search,search.html,"snippets/top_navigation.html, snippets/search_bar_static.html, ","base.html, "
./templates\sitemap,sitemap.html,,"base.html, "
./templates\sitemap,sitemap_user.html,,"base.html, "
./templates\snippets,add_image_box.html,"snippets/image_crop_modal.html, ",
./templates\snippets,area.html,"snippets/tag_short.html, snippets/tag_short.html, snippets/tag_short.html, ",
./templates\snippets,bottom_bar.html,,
./templates\snippets,comment.html,"snippets/joint_name.html, ",
./templates\snippets,comment_form.html,,
./templates\snippets,create_acc_modal.html,,
./templates\snippets,create_wp_alert.html,,
./templates\snippets,d_search.html,,
./templates\snippets,d_search_tags.html,,
./templates\snippets,d_search_tags_sm.html,,
./templates\snippets,edit_image_box.html,"snippets/image_crop_modal.html, ",
./templates\snippets,feedback.html,,
./templates\snippets,feed_form.html,"snippets/d_search_tags.html, ",
./templates\snippets,figure_modal.html,,
./templates\snippets,floating_form.html,"snippets/one_interest.html, ",
./templates\snippets,google_analytics.html,,
./templates\snippets,google_analytics_local.html,,
./templates\snippets,image_crop_modal.html,,
./templates\snippets,img_upload_modal.html,,
./templates\snippets,img_upload_modal_old.html,,
./templates\snippets,interests.html,,
./templates\snippets,joint_name.html,,
./templates\snippets,joint_person.html,,
./templates\snippets,joint_person_big.html,,
./templates\snippets,like_box.html,,
./templates\snippets,login_box.html,"socialaccount/snippets/provider_list_sm.html, socialaccount/snippets/login_extra.html, ",
./templates\snippets,login_modal.html,"socialaccount/snippets/provider_list.html, socialaccount/snippets/login_extra.html, ",
./templates\snippets,n_interest.html,,
./templates\snippets,one_answer.html,"snippets/joint_name.html, snippets/joint_name.html, snippets/comment.html, snippets/vote_box.html, snippets/comment_form.html, ",
./templates\snippets,one_interest.html,,
./templates\snippets,one_tag_normal.html,,
./templates\snippets,people_list.html,,
./templates\snippets,progress_circle.html,,
./templates\snippets,right_navigation.html,,
./templates\snippets,search_bar.html,"snippets/d_search_tags.html, ",
./templates\snippets,search_bar_static.html,,
./templates\snippets,segment.html,,
./templates\snippets,signup_box.html,"socialaccount/snippets/provider_list_sm.html, socialaccount/snippets/login_extra.html, ",
./templates\snippets,signup_modal.html,"socialaccount/snippets/provider_list.html, socialaccount/snippets/login_extra.html, ",
./templates\snippets,tags.html,,
./templates\snippets,tags_suggest.html,,
./templates\snippets,tag_short.html,,
./templates\snippets,top_navigation.html,"snippets/search_bar.html, account/login_modal.html, ",
./templates\snippets,vote_box.html,,
./templates\snippets,workplace_card.html,,
./templates\snippets,workplace_list.html,,
./templates\snippets,workplace_type.html,,
./templates\snippets\general,people_list.html,,
./templates\snippets\general,top_q_list.html,,
./templates\snippets\general,workplace_list.html,,
./templates\snippets\messages,top_message.html,,
./templates\snippets\messages,top_nav_msg.html,,
./templates\snippets\right,home_right.html,"snippets/general/workplace_list.html, snippets/general/top_q_list.html, ",
./templates\snippets\right,products.html,,
./templates\socialaccount,authentication_error.html,,"socialaccount/base.html, "
./templates\socialaccount,base.html,,"account/base.html, "
./templates\socialaccount,connections.html,"socialaccount/snippets/provider_list.html, socialaccount/snippets/login_extra.html, ","socialaccount/base.html, "
./templates\socialaccount,login_cancelled.html,,"socialaccount/base.html, "
./templates\socialaccount,signup.html,,"socialaccount/base.html, "
./templates\socialaccount\snippets,login_extra.html,,
./templates\socialaccount\snippets,provider_list.html,,
./templates\socialaccount\snippets,provider_list_sm.html,,
./templates\tags,20_tags.html,,
./templates\tags,21_workplaces.html,,
./templates\tags,all_tags.html,"tags/20_tags.html, ","base.html, "
./templates\tags,create.html,,"base.html, "
./templates\tags,list.html,,
./templates\tags,list1.html,,
./templates\tags,list_ppl.html,,
./templates\tags,list_wp.html,,
./templates\tags,snip_about_self.html,,
./templates\tags,snip_activity.html,"snippets/feed_form.html, snippets/figure_modal.html, nodes/five_nodes.html, ",
./templates\tags,snip_activity_head.html,,
./templates\tags,snip_companies.html,"snippets/workplace_card.html, ",
./templates\tags,snip_companies_head.html,,
./templates\tags,snip_leads.html,"leads/one_lead.html, ",
./templates\tags,snip_leads_head.html,,
./templates\tags,snip_products.html,"enquiry/new_auth_modal.html, snippets/figure_modal.html, products/one_product.html, ",
./templates\tags,snip_products_head.html,,
./templates\tags,tag.html,"snippets/img_upload_modal.html, tags/tag_nav_items.html, tags/tag_nav_items.html, ","base.html, "
./templates\tags,tag_nav_items.html,,
./templates\userprofile,details.html,"snippets/feedback.html, ","base.html, "
./templates\userprofile,profile.html,"snippets/top_navigation.html, messages/reply_to_modal.html, snippets/edit_image_box.html, snippets/d_search_tags.html, snippets/figure_modal.html, nodes/five_nodes.html, userprofile/provider_list.html, socialaccount/snippets/login_extra.html, ","base.html, "
./templates\userprofile,provider_list.html,,
./templates\userprofile,set.html,"snippets/d_search.html, ","base.html, "
./templates\userprofile,set_interests.html,,"base.html, "
./templates\userprofile,upgrade.html,,
./templates\workplace,20_workplaces.html,,
./templates\workplace,edit.html,"snippets/top_navigation.html, snippets/edit_image_box.html, snippets/d_search_tags.html, snippets/d_search_tags.html, snippets/d_search_tags.html, snippets/d_search_tags.html, snippets/progress_circle.html, ","base.html, "
./templates\workplace,edit_team.html,"snippets/top_navigation.html, snippets/img_upload_modal.html, snippets/d_search_tags_new.html, snippets/d_search_tags.html, snippets/d_search_tags.html, snippets/progress_circle.html, ","base.html, "
./templates\workplace,one_product.html,,
./templates\workplace,one_workplace.html,"snippets/segment.html, ",
./templates\workplace,products.html,"snippets/workplace_type.html, snippets/img_upload_modal.html, snippets/area.html, snippets/segment.html, workplace/snip_products.html, snippets/floating_form.html, snippets/floating_form.html, snippets/floating_form.html, ","base.html, "
./templates\workplace,profile.html,"snippets/top_navigation.html, snippets/img_upload_modal.html, enquiry/no_product_modal.html, workplace/snippets/wp_nav_items_2.html, ","base.html, "
./templates\workplace,snip_about.html,,
./templates\workplace,snip_about_head.html,,
./templates\workplace,snip_about_team.html,,
./templates\workplace,snip_activity.html,"snippets/feed_form.html, snippets/figure_modal.html, nodes/five_nodes.html, ",
./templates\workplace,snip_activity_head.html,,
./templates\workplace,snip_capabilities.html,"workplace/set_tags.html, snippets/one_interest.html, snippets/tags.html, snippets/d_search_tags.html, snippets/tags.html, snippets/d_search_tags.html, snippets/tags.html, snippets/d_search_tags.html, ",
./templates\workplace,snip_dashboard.html,"workplace/snippets/rc_com_email.html, snippets/progress_circle.html, ",
./templates\workplace,snip_dashboard_head.html,,
./templates\workplace,snip_dashboard_old.html,"workplace/dash_about.html, workplace/dash_contact.html, workplace/dash_people.html, workplace/dash_products.html, workplace/dash_assets.html, workplace/dash_operations.html, snippets/tags.html, snippets/tags.html, ",
./templates\workplace,snip_members.html,,
./templates\workplace,snip_members_head.html,,
./templates\workplace,snip_products.html,"enquiry/new_auth_modal.html, snippets/figure_modal.html, products/one_product.html, ",
./templates\workplace,snip_products_head.html,,
./templates\workplace,workplace_tag.html,"workplace/20_workplaces.html, ","base.html, "
./templates\workplace\snippets,rc_com_email.html,,
./templates\workplace\snippets,rc_com_email_msg.html,,
./templates\workplace\snippets,wp_nav_items.html,,
./templates\workplace\snippets,wp_nav_items_2.html,,
./templates\workplace\snippets,wp_right.html,"snippets/general/people_list.html, ",
